[
  {
    "icon": "fa fa-home",
    "slug": "external",
    "title": "Volver al inicio",
    "path": "index.html"
  },  
  { 
    "id": 1,
    "icon": "fa fa-file-text",
    "slug": "imagen",
    "title": "1. Imagen",
    "breadcrumb": ["Inicio","Introducción"],
    "path": "pages/1-tema.html",    
    "submenu": [
      {
        "icon": "fa fa-file-text",
        "slug": "imagen",
        "title": "1.1. Definición y características",
        "anchor": "tema1_1"
      },   
      {
        "icon": "fa fa-file-text",
        "slug": "imagen",
        "title": "1.2 Tipos de imagen y formatos (extensiones de archivo)",
        "anchor": "tema1_2"
      },
      {
        "icon": "fa fa-file-text",
        "slug": "imagen",
        "title": "1.3. Resolución, tamaño y dimensión",
        "anchor": "tema1_3"
      },
      {
        "icon": "fa fa-file-text",
        "slug": "imagen",
        "title": "1.4 Modos y profundidad de color",
        "anchor": "tema1_4"
      },     
      {
        "icon": "fa fa-file-text",
        "slug": "imagen",
        "title": "1.5 Optimización y compresión de imágenes",
        "anchor": "tema1_5"
      }
    ]   
  },
  {
    "id": 1,
    "icon": "fa fa-file-text",
    "slug": "salida",
    "title": "2. Dispositivos de captura y salida",
    "breadcrumb": ["Inicio","Introducción"],
    "path": "pages/2-tema.html",
    "submenu": [
      {
        "icon": "fa fa-file-text",
        "slug": "salida",
        "title": "2.1 Clasificación y características",
        "anchor": "tema2_1"
      },   
      {
        "icon": "fa fa-file-text",
        "slug": "salida",
        "title": "2.2 Funcionamiento y operación",
        "anchor": "tema2_2"
      }
    ]
  },
  {
    "id": 1,
    "icon": "fa fa-file-text",
    "slug": "digital",
    "title": "3. Captura fotográfica análoga y digital",
    "breadcrumb": ["Inicio","Introducción"],
    "path": "pages/3-tema.html",
    "submenu": [
      {
        "icon": "fa fa-file-text",
        "slug": "digital",
        "title": "3.1 Introducción: definición e historia",
        "anchor": "tema3_1"
      },   
      {
        "icon": "fa fa-file-text",
        "slug": "digital",
        "title": "3.2 Usos y aplicaciones",
        "anchor": "tema3_2"
      },   
      {
        "icon": "fa fa-file-text",
        "slug": "digital",
        "title": "3.3 Concepto y operación",
        "anchor": "tema3_3"
      },   
      {
        "icon": "fa fa-file-text",
        "slug": "digital",
        "title": "3.3.1 Cámaras y sus componentes",
        "anchor": "tema3_3_1"
      },   
      {
        "icon": "fa fa-file-text",
        "slug": "digital",
        "title": "3.3.2 Lentes y objetivos",
        "anchor": "tema3_3_2"
      },   
      {
        "icon": "fa fa-file-text",
        "slug": "digital",
        "title": "3.3.3 Iluminación",
        "anchor": "tema3_3_3"
      },   
      {
        "icon": "fa fa-file-text",
        "slug": "digital",
        "title": "3.3.4. Sensibilidad (Norma ISO)",
        "anchor": "tema3_3_4"
      },   
      {
        "icon": "fa fa-file-text",
        "slug": "digital",
        "title": "3.4 Medición y exposición",
        "anchor": "tema3_4"
      }
    ]
  },

      {
        "id": 1,
        "icon": "fa fa-file-text",
        "slug": "composicion",
        "title": "4. Composición",
        "breadcrumb": ["Inicio","Introducción"],
        "path": "pages/4-tema.html"
      }  
]

 